﻿<?xml version="1.0" encoding="utf-8"?><toc><breadcrumbs><li><a href="d75eb659-6335-53f6-af7a-81814a21ab7f.htm">Docs</a></li><li><a href="d75eb659-6335-53f6-af7a-81814a21ab7f.htm">Namespaces</a></li><li><a href="45c6789c-9a07-61ab-5be3-1ffb3e4ef0b4.htm">AA.<wbr />Editor.<wbr />Editor<wbr />Helper.<wbr />Base</a></li></breadcrumbs><tocItems><li><a id="265c367d-1ea5-0566-a9dc-09450641036b" class="has-submenu" href="265c367d-1ea5-0566-a9dc-09450641036b.htm"><span data-tocFile="../toc/IDAAA.xml" class="icon toggle" onclick="ToggleExpandCollapse(this); return false;"><i class="fa fa-angle-right"> </i></span>Persistence<wbr />Save</a><ul class="toc-menu is-hidden"> </ul></li><li><a id="06c5bd96-95aa-a9ea-2dec-675cf9a9fecb" class="has-submenu" href="06c5bd96-95aa-a9ea-2dec-675cf9a9fecb.htm"><span data-tocFile="../toc/IDBAA.xml" class="icon toggle" onclick="ToggleExpandCollapse(this); return false;"><i class="fa fa-angle-right"> </i></span>Persistence<wbr />Save<wbr />Helper</a><ul class="toc-menu is-hidden"> </ul></li></tocItems></toc>