﻿<?xml version="1.0" encoding="utf-8"?><toc><breadcrumbs><li><a href="d75eb659-6335-53f6-af7a-81814a21ab7f.htm">Docs</a></li><li><a href="d75eb659-6335-53f6-af7a-81814a21ab7f.htm">Namespaces</a></li><li><a href="d558afee-49a8-c240-ad9e-0fa1e397045d.htm">AA.<wbr />Editor.<wbr />Editor<wbr />Helper.<wbr />Utility</a></li><li><a href="5ba93944-7101-a281-696f-e3f47366e503.htm">Utilities</a></li><li><a href="1a337028-0eb3-8629-88db-c00dd6fe8fa1.htm">Methods</a></li></breadcrumbs><tocItems><li><a id="0e39391d-6de7-381b-2f1f-c439ac2e7ef8" href="0e39391d-6de7-381b-2f1f-c439ac2e7ef8.htm">Get<wbr />Obj<wbr />By<wbr />GUID&lt;T&gt;</a></li></tocItems></toc>