﻿<?xml version="1.0" encoding="utf-8"?><toc><breadcrumbs><li><a href="d75eb659-6335-53f6-af7a-81814a21ab7f.htm">Docs</a></li><li><a href="d75eb659-6335-53f6-af7a-81814a21ab7f.htm">Namespaces</a></li><li><a href="45c6789c-9a07-61ab-5be3-1ffb3e4ef0b4.htm">AA.<wbr />Editor.<wbr />Editor<wbr />Helper.<wbr />Base</a></li><li><a href="06c5bd96-95aa-a9ea-2dec-675cf9a9fecb.htm">Persistence<wbr />Save<wbr />Helper</a></li><li><a href="0ca0e54e-cef9-6496-496b-1b8858c2955c.htm">Methods</a></li></breadcrumbs><tocItems><li><a id="4e01d229-3104-9ac9-912f-38a3e7a8443e" href="4e01d229-3104-9ac9-912f-38a3e7a8443e.htm">Is<wbr />Basic<wbr />Type</a></li><li><a id="fd9d6ed2-bfcc-4e1a-3553-4e0ee991a0b9" href="fd9d6ed2-bfcc-4e1a-3553-4e0ee991a0b9.htm">Persist<wbr />Handle<wbr />Property</a></li></tocItems></toc>