﻿<?xml version="1.0" encoding="utf-8"?><toc><breadcrumbs><li><a href="d75eb659-6335-53f6-af7a-81814a21ab7f.htm">Docs</a></li><li><a href="d75eb659-6335-53f6-af7a-81814a21ab7f.htm">Namespaces</a></li><li><a href="47d8c7e4-5f07-2648-8be8-638da13585bf.htm">AA.<wbr />Editor.<wbr />Editor<wbr />Helper.<wbr />Flow</a></li><li><a href="2100507b-40bb-2d86-6b9b-d8e7fd53d48b.htm">Step<wbr />Page</a></li></breadcrumbs><tocItems><li><a id="4d4ac402-0b22-606d-2546-d4bd3fbc1319" href="4d4ac402-0b22-606d-2546-d4bd3fbc1319.htm">Constructor</a></li><li><a id="4a68bef8-098b-a1a6-cac0-29ec157d2790" class="has-submenu" href="4a68bef8-098b-a1a6-cac0-29ec157d2790.htm"><span data-tocFile="../toc/IDBBBA.xml" class="icon toggle" onclick="ToggleExpandCollapse(this); return false;"><i class="fa fa-angle-right"> </i></span>Properties</a><ul class="toc-menu is-hidden"> </ul></li><li><a id="b743a01c-c7a4-e6a0-7a49-27cf847c53a8" class="has-submenu" href="b743a01c-c7a4-e6a0-7a49-27cf847c53a8.htm"><span data-tocFile="../toc/IDCBBA.xml" class="icon toggle" onclick="ToggleExpandCollapse(this); return false;"><i class="fa fa-angle-right"> </i></span>Methods</a><ul class="toc-menu is-hidden"> </ul></li><li><a id="b7c4cfe3-5da3-93da-9443-371d23c7f3ef" class="has-submenu" href="b7c4cfe3-5da3-93da-9443-371d23c7f3ef.htm"><span data-tocFile="../toc/IDDBBA.xml" class="icon toggle" onclick="ToggleExpandCollapse(this); return false;"><i class="fa fa-angle-right"> </i></span>Events</a><ul class="toc-menu is-hidden"> </ul></li><li><a id="f210cb7b-f75d-ce4d-5196-4e3c08f3a712" class="has-submenu" href="f210cb7b-f75d-ce4d-5196-4e3c08f3a712.htm"><span data-tocFile="../toc/IDEBBA.xml" class="icon toggle" onclick="ToggleExpandCollapse(this); return false;"><i class="fa fa-angle-right"> </i></span>Fields</a><ul class="toc-menu is-hidden"> </ul></li></tocItems></toc>