﻿<?xml version="1.0" encoding="utf-8"?><toc><breadcrumbs><li><a href="d75eb659-6335-53f6-af7a-81814a21ab7f.htm">Docs</a></li><li><a href="d75eb659-6335-53f6-af7a-81814a21ab7f.htm">Namespaces</a></li><li><a href="47d8c7e4-5f07-2648-8be8-638da13585bf.htm">AA.<wbr />Editor.<wbr />Editor<wbr />Helper.<wbr />Flow</a></li><li><a href="2100507b-40bb-2d86-6b9b-d8e7fd53d48b.htm">Step<wbr />Page</a></li><li><a href="4a68bef8-098b-a1a6-cac0-29ec157d2790.htm">Properties</a></li></breadcrumbs><tocItems><li><a id="78172272-16b3-2d24-fb50-b5e0e7207f3d" href="78172272-16b3-2d24-fb50-b5e0e7207f3d.htm">Is<wbr />Valid</a></li></tocItems></toc>