﻿<?xml version="1.0" encoding="utf-8"?><toc><breadcrumbs><li><a href="d75eb659-6335-53f6-af7a-81814a21ab7f.htm">Docs</a></li><li><a href="d75eb659-6335-53f6-af7a-81814a21ab7f.htm">Namespaces</a></li><li><a href="a0d019ef-0d84-5486-bff0-b4a80ffd1d49.htm">AA.<wbr />Editor.<wbr />Editor<wbr />Helper.<wbr />Startup</a></li></breadcrumbs><tocItems><li><a id="8db344b3-ba7e-716a-5b1d-3a9d0009aa64" class="has-submenu" href="8db344b3-ba7e-716a-5b1d-3a9d0009aa64.htm"><span data-tocFile="../toc/IDACA.xml" class="icon toggle" onclick="ToggleExpandCollapse(this); return false;"><i class="fa fa-angle-right"> </i></span>Startup<wbr />Base<wbr />Window</a><ul class="toc-menu is-hidden"> </ul></li></tocItems></toc>