﻿<?xml version="1.0" encoding="utf-8"?><toc><breadcrumbs><li><a href="d75eb659-6335-53f6-af7a-81814a21ab7f.htm">Docs</a></li><li><a href="d75eb659-6335-53f6-af7a-81814a21ab7f.htm">Namespaces</a></li><li><a href="a0d019ef-0d84-5486-bff0-b4a80ffd1d49.htm">AA.<wbr />Editor.<wbr />Editor<wbr />Helper.<wbr />Startup</a></li><li><a href="8db344b3-ba7e-716a-5b1d-3a9d0009aa64.htm">Startup<wbr />Base<wbr />Window</a></li><li><a href="0c0e9926-d684-0bea-cdff-81d4e2cb5d41.htm">Methods</a></li></breadcrumbs><tocItems><li><a id="a54f8700-454d-9323-efa7-ab444a0f0323" href="a54f8700-454d-9323-efa7-ab444a0f0323.htm">Awake</a></li><li><a id="6e11c885-7e0e-0ac5-0788-e2c45569f49d" href="6e11c885-7e0e-0ac5-0788-e2c45569f49d.htm">Draw<wbr />Bottom</a></li><li><a id="bbdecb76-f488-c2c1-886a-5027dae39fba" href="bbdecb76-f488-c2c1-886a-5027dae39fba.htm">Draw<wbr />Content</a></li><li><a id="ebd83fd9-2841-b9ae-f2a4-faf985f15738" href="ebd83fd9-2841-b9ae-f2a4-faf985f15738.htm">Draw<wbr />Head</a></li><li><a id="331e99f2-5422-2fcf-4b2d-82be7ad72db6" href="331e99f2-5422-2fcf-4b2d-82be7ad72db6.htm">Initialize</a></li><li><a id="49b10c63-825a-ccfc-86bd-8cc3d3304d9e" href="49b10c63-825a-ccfc-86bd-8cc3d3304d9e.htm">On<wbr />GUI</a></li></tocItems></toc>