﻿<?xml version="1.0" encoding="utf-8"?><toc><breadcrumbs><li><a href="d75eb659-6335-53f6-af7a-81814a21ab7f.htm">Docs</a></li><li><a href="d75eb659-6335-53f6-af7a-81814a21ab7f.htm">Namespaces</a></li><li><a href="a0d019ef-0d84-5486-bff0-b4a80ffd1d49.htm">AA.<wbr />Editor.<wbr />Editor<wbr />Helper.<wbr />Startup</a></li><li><a href="8db344b3-ba7e-716a-5b1d-3a9d0009aa64.htm">Startup<wbr />Base<wbr />Window</a></li><li><a href="77b18a7e-4ff7-ba45-751d-4a88a4d94d63.htm">Fields</a></li></breadcrumbs><tocItems><li><a id="649ca1b2-f276-556d-1a81-8f059d7c8182" href="649ca1b2-f276-556d-1a81-8f059d7c8182.htm">m_<wbr />Brand<wbr />Img</a></li><li><a id="619cf65e-d80d-8bbe-5c5d-63598aeb60b4" href="619cf65e-d80d-8bbe-5c5d-63598aeb60b4.htm">m_<wbr />Center<wbr />Skin</a></li><li><a id="4a44f899-716d-8c80-7ffd-938a70638101" href="4a44f899-716d-8c80-7ffd-938a70638101.htm">m_<wbr />Head<wbr />Img</a></li></tocItems></toc>