﻿<?xml version="1.0" encoding="utf-8"?><toc><breadcrumbs><li><a href="d75eb659-6335-53f6-af7a-81814a21ab7f.htm">Docs</a></li><li><a href="d75eb659-6335-53f6-af7a-81814a21ab7f.htm">Namespaces</a></li><li><a href="47d8c7e4-5f07-2648-8be8-638da13585bf.htm">AA.<wbr />Editor.<wbr />Editor<wbr />Helper.<wbr />Flow</a></li><li><a href="8ef4801b-fb1f-ca11-5c5d-9e0808197baa.htm">Flow<wbr />Base<wbr />Window</a></li><li><a href="e2c2869f-617e-5a53-94f7-57f3acbb31ee.htm">Fields</a></li></breadcrumbs><tocItems><li><a id="aca5a779-aadf-dfba-96d5-6320002508f0" href="aca5a779-aadf-dfba-96d5-6320002508f0.htm">m_<wbr />Brand<wbr />Img</a></li><li><a id="993b093e-38a3-1de6-45e2-9a8f71facfd3" href="993b093e-38a3-1de6-45e2-9a8f71facfd3.htm">m_<wbr />Center<wbr />Skin</a></li><li><a id="8490adb2-0b33-2d41-7052-ebcf5bfea1bf" href="8490adb2-0b33-2d41-7052-ebcf5bfea1bf.htm">m_<wbr />Cur<wbr />Step<wbr />Index</a></li><li><a id="51297d2b-9224-1cad-bb80-048d3c90ad0c" href="51297d2b-9224-1cad-bb80-048d3c90ad0c.htm">m_<wbr />Head<wbr />Img</a></li><li><a id="ae22aaa5-95b0-d55e-a44f-c230858b0106" href="ae22aaa5-95b0-d55e-a44f-c230858b0106.htm">m_<wbr />Invalid<wbr />Text</a></li><li><a id="dc469765-3c6b-ee62-b660-c00f40262212" href="dc469765-3c6b-ee62-b660-c00f40262212.htm">m_<wbr />Last<wbr />Step<wbr />Text</a></li><li><a id="494fa81a-bcc2-ac97-8419-0994af7f8f61" href="494fa81a-bcc2-ac97-8419-0994af7f8f61.htm">m_<wbr />Next<wbr />Step<wbr />Text</a></li><li><a id="01579f07-7fcb-eec9-9683-7e2e4aaa326d" href="01579f07-7fcb-eec9-9683-7e2e4aaa326d.htm">m_<wbr />Progress<wbr />Text</a></li><li><a id="fe1bdb6e-59fb-66ca-73bd-3f3d4546a706" href="fe1bdb6e-59fb-66ca-73bd-3f3d4546a706.htm">m_<wbr />Step<wbr />In<wbr />Flow<wbr />List</a></li><li><a id="a2a60492-a7ae-893f-132e-a3ed57c6cb02" href="a2a60492-a7ae-893f-132e-a3ed57c6cb02.htm">m_<wbr />Steps<wbr />Out<wbr />Of<wbr />Flow<wbr />List</a></li><li><a id="43952a9e-a67d-4970-6f53-2174ef67c2c0" href="43952a9e-a67d-4970-6f53-2174ef67c2c0.htm">m_<wbr />Submit<wbr />Text</a></li></tocItems></toc>