﻿<?xml version="1.0" encoding="utf-8"?><toc><breadcrumbs><li><a href="d75eb659-6335-53f6-af7a-81814a21ab7f.htm">Docs</a></li><li><a href="d75eb659-6335-53f6-af7a-81814a21ab7f.htm">命名空间</a></li><li><a href="c5a3234d-9d9a-aa5f-018f-a957f32ad5b0.htm">AA.<wbr />Editor<wbr />Helper.<wbr />Utility</a></li><li><a href="0c8b21b8-88c8-c6ef-e281-75f2fa94ee89.htm">Utilities</a></li><li><a href="901265fd-cff2-d91b-5cfc-aa20cdaeab42.htm">方法</a></li></breadcrumbs><tocItems><li><a id="7262f6ae-20c7-fa4d-877c-d486ae6d4238" href="7262f6ae-20c7-fa4d-877c-d486ae6d4238.htm">Get<wbr />Obj<wbr />By<wbr />GUID&lt;T&gt;</a></li></tocItems></toc>