﻿<?xml version="1.0" encoding="utf-8"?><toc><breadcrumbs><li><a href="d75eb659-6335-53f6-af7a-81814a21ab7f.htm">Docs</a></li><li><a href="d75eb659-6335-53f6-af7a-81814a21ab7f.htm">命名空间</a></li><li><a href="38bb2221-a18a-82c7-5c9a-3adb3f42114b.htm">AA.<wbr />Editor<wbr />Helper.<wbr />Base</a></li></breadcrumbs><tocItems><li><a id="f4f71877-ac1a-b9dd-ae40-ba97e38b9e66" class="has-submenu" href="f4f71877-ac1a-b9dd-ae40-ba97e38b9e66.htm"><span data-tocFile="../toc/IDAAA.xml" class="icon toggle" onclick="ToggleExpandCollapse(this); return false;"><i class="fa fa-angle-right"> </i></span>Persistence<wbr />Save</a><ul class="toc-menu is-hidden"> </ul></li><li><a id="3fad8355-d15c-00eb-19f4-185837878c90" class="has-submenu" href="3fad8355-d15c-00eb-19f4-185837878c90.htm"><span data-tocFile="../toc/IDBAA.xml" class="icon toggle" onclick="ToggleExpandCollapse(this); return false;"><i class="fa fa-angle-right"> </i></span>Persistence<wbr />Save<wbr />Helper</a><ul class="toc-menu is-hidden"> </ul></li></tocItems></toc>