﻿<?xml version="1.0" encoding="utf-8"?><toc><breadcrumbs><li><a href="d75eb659-6335-53f6-af7a-81814a21ab7f.htm">Docs</a></li><li><a href="d75eb659-6335-53f6-af7a-81814a21ab7f.htm">命名空间</a></li><li><a href="02d2a666-33d9-f111-fb0f-eebe3eee430b.htm">AA.<wbr />Editor<wbr />Helper.<wbr />Flow</a></li><li><a href="54c3a899-5b74-9c56-2f5d-ea7b85b48eb4.htm">Flow<wbr />Base<wbr />Window</a></li></breadcrumbs><tocItems><li><a id="1cf66007-bb11-134f-ed5d-1efcb2208a53" href="1cf66007-bb11-134f-ed5d-1efcb2208a53.htm">构造函数</a></li><li><a id="861a42cb-6db9-5cf6-658f-766f3ba59f1d" href="861a42cb-6db9-5cf6-658f-766f3ba59f1d.htm">属性</a></li><li><a id="844c53a9-1793-02f9-912b-70d01996cde3" class="has-submenu" href="844c53a9-1793-02f9-912b-70d01996cde3.htm"><span data-tocFile="../toc/IDCABA.xml" class="icon toggle" onclick="ToggleExpandCollapse(this); return false;"><i class="fa fa-angle-right"> </i></span>方法</a><ul class="toc-menu is-hidden"> </ul></li><li><a id="36b76af3-d9b0-c619-b894-1a640dbe8785" class="has-submenu" href="36b76af3-d9b0-c619-b894-1a640dbe8785.htm"><span data-tocFile="../toc/IDDABA.xml" class="icon toggle" onclick="ToggleExpandCollapse(this); return false;"><i class="fa fa-angle-right"> </i></span>字段</a><ul class="toc-menu is-hidden"> </ul></li></tocItems></toc>