﻿<?xml version="1.0" encoding="utf-8"?><toc><breadcrumbs><li><a href="d75eb659-6335-53f6-af7a-81814a21ab7f.htm">Docs</a></li><li><a href="d75eb659-6335-53f6-af7a-81814a21ab7f.htm">命名空间</a></li><li><a href="221b551a-0708-909f-a93c-0ad265cb3f72.htm">AA.<wbr />Editor<wbr />Helper.<wbr />Startup</a></li><li><a href="120144c1-078b-7211-af57-00922c10f090.htm">Startup<wbr />Base<wbr />Window</a></li></breadcrumbs><tocItems><li><a id="743e6dee-08f8-cceb-8b2c-9c6dc221491d" href="743e6dee-08f8-cceb-8b2c-9c6dc221491d.htm">构造函数</a></li><li><a id="000b69c7-7f81-6a52-8887-1354500711b2" href="000b69c7-7f81-6a52-8887-1354500711b2.htm">属性</a></li><li><a id="2d135bf5-96a9-5b28-68e7-61ed77e02df5" class="has-submenu" href="2d135bf5-96a9-5b28-68e7-61ed77e02df5.htm"><span data-tocFile="../toc/IDCACA.xml" class="icon toggle" onclick="ToggleExpandCollapse(this); return false;"><i class="fa fa-angle-right"> </i></span>方法</a><ul class="toc-menu is-hidden"> </ul></li><li><a id="03806a54-8e1b-3380-2279-2c4a3742f2f6" class="has-submenu" href="03806a54-8e1b-3380-2279-2c4a3742f2f6.htm"><span data-tocFile="../toc/IDDACA.xml" class="icon toggle" onclick="ToggleExpandCollapse(this); return false;"><i class="fa fa-angle-right"> </i></span>字段</a><ul class="toc-menu is-hidden"> </ul></li></tocItems></toc>