﻿<?xml version="1.0" encoding="utf-8"?><toc><breadcrumbs><li><a href="d75eb659-6335-53f6-af7a-81814a21ab7f.htm">Docs</a></li><li><a href="d75eb659-6335-53f6-af7a-81814a21ab7f.htm">命名空间</a></li><li><a href="02d2a666-33d9-f111-fb0f-eebe3eee430b.htm">AA.<wbr />Editor<wbr />Helper.<wbr />Flow</a></li><li><a href="defa4fd4-9e70-7146-8861-22194ef59e74.htm">Step<wbr />Page</a></li></breadcrumbs><tocItems><li><a id="8ffee1d3-3b53-ac12-e745-1f9fbf79bbee" href="8ffee1d3-3b53-ac12-e745-1f9fbf79bbee.htm">构造函数</a></li><li><a id="13a7fc44-f42a-7937-7ed2-7942fa22e28c" class="has-submenu" href="13a7fc44-f42a-7937-7ed2-7942fa22e28c.htm"><span data-tocFile="../toc/IDBBBA.xml" class="icon toggle" onclick="ToggleExpandCollapse(this); return false;"><i class="fa fa-angle-right"> </i></span>属性</a><ul class="toc-menu is-hidden"> </ul></li><li><a id="4d90c54c-dff6-1d52-4468-3d8540ce2d22" class="has-submenu" href="4d90c54c-dff6-1d52-4468-3d8540ce2d22.htm"><span data-tocFile="../toc/IDCBBA.xml" class="icon toggle" onclick="ToggleExpandCollapse(this); return false;"><i class="fa fa-angle-right"> </i></span>方法</a><ul class="toc-menu is-hidden"> </ul></li><li><a id="ca29e08e-ca71-c902-d567-29f9b1165bc2" class="has-submenu" href="ca29e08e-ca71-c902-d567-29f9b1165bc2.htm"><span data-tocFile="../toc/IDDBBA.xml" class="icon toggle" onclick="ToggleExpandCollapse(this); return false;"><i class="fa fa-angle-right"> </i></span>事件</a><ul class="toc-menu is-hidden"> </ul></li><li><a id="d2d51eea-f841-d0a3-9d94-6f9fb8f29acc" class="has-submenu" href="d2d51eea-f841-d0a3-9d94-6f9fb8f29acc.htm"><span data-tocFile="../toc/IDEBBA.xml" class="icon toggle" onclick="ToggleExpandCollapse(this); return false;"><i class="fa fa-angle-right"> </i></span>字段</a><ul class="toc-menu is-hidden"> </ul></li></tocItems></toc>