﻿<?xml version="1.0" encoding="utf-8"?><toc><breadcrumbs><li><a href="d75eb659-6335-53f6-af7a-81814a21ab7f.htm">Docs</a></li><li><a href="d75eb659-6335-53f6-af7a-81814a21ab7f.htm">命名空间</a></li><li><a href="221b551a-0708-909f-a93c-0ad265cb3f72.htm">AA.<wbr />Editor<wbr />Helper.<wbr />Startup</a></li></breadcrumbs><tocItems><li><a id="120144c1-078b-7211-af57-00922c10f090" class="has-submenu" href="120144c1-078b-7211-af57-00922c10f090.htm"><span data-tocFile="../toc/IDACA.xml" class="icon toggle" onclick="ToggleExpandCollapse(this); return false;"><i class="fa fa-angle-right"> </i></span>Startup<wbr />Base<wbr />Window</a><ul class="toc-menu is-hidden"> </ul></li></tocItems></toc>