﻿<?xml version="1.0" encoding="utf-8"?><toc><breadcrumbs><li><a href="d75eb659-6335-53f6-af7a-81814a21ab7f.htm">Docs</a></li><li><a href="d75eb659-6335-53f6-af7a-81814a21ab7f.htm">命名空间</a></li><li><a href="02d2a666-33d9-f111-fb0f-eebe3eee430b.htm">AA.<wbr />Editor<wbr />Helper.<wbr />Flow</a></li><li><a href="54c3a899-5b74-9c56-2f5d-ea7b85b48eb4.htm">Flow<wbr />Base<wbr />Window</a></li><li><a href="844c53a9-1793-02f9-912b-70d01996cde3.htm">方法</a></li></breadcrumbs><tocItems><li><a id="096f80a2-fad6-743d-105b-efd79e57973b" href="096f80a2-fad6-743d-105b-efd79e57973b.htm">Awake</a></li><li><a id="e05f5659-2159-8611-965f-ab61c9672f38" href="e05f5659-2159-8611-965f-ab61c9672f38.htm">Draw<wbr />Bottom</a></li><li><a id="87775d97-1e47-e19d-866d-591af556a1be" href="87775d97-1e47-e19d-866d-591af556a1be.htm">Draw<wbr />Content</a></li><li><a id="65acf16b-b63d-5eb7-eb23-535c7a1fb9e1" href="65acf16b-b63d-5eb7-eb23-535c7a1fb9e1.htm">Draw<wbr />Head</a></li><li><a id="ecf9a6a9-67fb-18e2-12d6-fc2514383277" href="ecf9a6a9-67fb-18e2-12d6-fc2514383277.htm">Draw<wbr />Progress<wbr />Fun</a></li><li><a id="0f299262-6c4a-092d-7547-2feaa4f0dd19" href="0f299262-6c4a-092d-7547-2feaa4f0dd19.htm">Initialize</a></li><li><a id="c4049cbc-c25c-2622-5adc-b4ad7aba2279" href="c4049cbc-c25c-2622-5adc-b4ad7aba2279.htm">On<wbr />Flow<wbr />Submit</a></li><li><a id="13249e07-59f4-a6bf-4856-c113635c4628" href="13249e07-59f4-a6bf-4856-c113635c4628.htm">On<wbr />GUI</a></li></tocItems></toc>