﻿<?xml version="1.0" encoding="utf-8"?><toc><breadcrumbs><li><a href="d75eb659-6335-53f6-af7a-81814a21ab7f.htm">Docs</a></li><li><a href="d75eb659-6335-53f6-af7a-81814a21ab7f.htm">命名空间</a></li><li><a href="02d2a666-33d9-f111-fb0f-eebe3eee430b.htm">AA.<wbr />Editor<wbr />Helper.<wbr />Flow</a></li><li><a href="defa4fd4-9e70-7146-8861-22194ef59e74.htm">Step<wbr />Page</a></li><li><a href="4d90c54c-dff6-1d52-4468-3d8540ce2d22.htm">方法</a></li></breadcrumbs><tocItems><li><a id="a95fb9d7-f938-d1d6-c829-a029cce08a70" href="a95fb9d7-f938-d1d6-c829-a029cce08a70.htm">Modify<wbr />Flow</a></li><li><a id="bee215a6-41e7-45ca-0da5-65663ed6db16" href="bee215a6-41e7-45ca-0da5-65663ed6db16.htm">On<wbr />Draw<wbr />Content</a></li><li><a id="a7a915cb-8dd9-1137-6ee8-9391ccf17ce5" href="a7a915cb-8dd9-1137-6ee8-9391ccf17ce5.htm">Set<wbr />Dirty</a></li></tocItems></toc>