﻿<?xml version="1.0" encoding="utf-8"?><toc><breadcrumbs><li><a href="d75eb659-6335-53f6-af7a-81814a21ab7f.htm">Docs</a></li><li><a href="d75eb659-6335-53f6-af7a-81814a21ab7f.htm">命名空间</a></li><li><a href="02d2a666-33d9-f111-fb0f-eebe3eee430b.htm">AA.<wbr />Editor<wbr />Helper.<wbr />Flow</a></li><li><a href="defa4fd4-9e70-7146-8861-22194ef59e74.htm">Step<wbr />Page</a></li><li><a href="ca29e08e-ca71-c902-d567-29f9b1165bc2.htm">事件</a></li></breadcrumbs><tocItems><li><a id="c0a95ab8-75fc-a8da-7e4b-eb3bc3d18228" href="c0a95ab8-75fc-a8da-7e4b-eb3bc3d18228.htm">On<wbr />Modify<wbr />Flow</a></li></tocItems></toc>