﻿<?xml version="1.0" encoding="utf-8"?><toc><breadcrumbs><li><a href="d75eb659-6335-53f6-af7a-81814a21ab7f.htm">Docs</a></li><li><a href="d75eb659-6335-53f6-af7a-81814a21ab7f.htm">命名空间</a></li><li><a href="02d2a666-33d9-f111-fb0f-eebe3eee430b.htm">AA.<wbr />Editor<wbr />Helper.<wbr />Flow</a></li><li><a href="defa4fd4-9e70-7146-8861-22194ef59e74.htm">Step<wbr />Page</a></li><li><a href="d2d51eea-f841-d0a3-9d94-6f9fb8f29acc.htm">字段</a></li></breadcrumbs><tocItems><li><a id="67a5053e-9f2d-363b-4ccd-e8da28a07bc6" href="67a5053e-9f2d-363b-4ccd-e8da28a07bc6.htm">m_<wbr />Is<wbr />Dirty</a></li></tocItems></toc>