﻿<?xml version="1.0" encoding="utf-8"?><toc><breadcrumbs><li><a href="d75eb659-6335-53f6-af7a-81814a21ab7f.htm">Docs</a></li><li><a href="d75eb659-6335-53f6-af7a-81814a21ab7f.htm">Namespaces</a></li></breadcrumbs><tocItems><li><a id="38bb2221-a18a-82c7-5c9a-3adb3f42114b" class="has-submenu" href="38bb2221-a18a-82c7-5c9a-3adb3f42114b.htm"><span data-tocFile="../toc/IDAA.xml" class="icon toggle" onclick="ToggleExpandCollapse(this); return false;"><i class="fa fa-angle-right"> </i></span>AA.<wbr />Editor<wbr />Helper.<wbr />Base</a><ul class="toc-menu is-hidden"> </ul></li><li><a id="02d2a666-33d9-f111-fb0f-eebe3eee430b" class="has-submenu" href="02d2a666-33d9-f111-fb0f-eebe3eee430b.htm"><span data-tocFile="../toc/IDBA.xml" class="icon toggle" onclick="ToggleExpandCollapse(this); return false;"><i class="fa fa-angle-right"> </i></span>AA.<wbr />Editor<wbr />Helper.<wbr />Flow</a><ul class="toc-menu is-hidden"> </ul></li><li><a id="221b551a-0708-909f-a93c-0ad265cb3f72" class="has-submenu" href="221b551a-0708-909f-a93c-0ad265cb3f72.htm"><span data-tocFile="../toc/IDCA.xml" class="icon toggle" onclick="ToggleExpandCollapse(this); return false;"><i class="fa fa-angle-right"> </i></span>AA.<wbr />Editor<wbr />Helper.<wbr />Startup</a><ul class="toc-menu is-hidden"> </ul></li><li><a id="c5a3234d-9d9a-aa5f-018f-a957f32ad5b0" class="has-submenu" href="c5a3234d-9d9a-aa5f-018f-a957f32ad5b0.htm"><span data-tocFile="../toc/IDDA.xml" class="icon toggle" onclick="ToggleExpandCollapse(this); return false;"><i class="fa fa-angle-right"> </i></span>AA.<wbr />Editor<wbr />Helper.<wbr />Utility</a><ul class="toc-menu is-hidden"> </ul></li></tocItems></toc>