﻿<?xml version="1.0" encoding="utf-8"?><toc><breadcrumbs><li><a href="d75eb659-6335-53f6-af7a-81814a21ab7f.htm">Docs</a></li><li><a href="d75eb659-6335-53f6-af7a-81814a21ab7f.htm">Namespaces</a></li></breadcrumbs><tocItems><li><a id="45c6789c-9a07-61ab-5be3-1ffb3e4ef0b4" class="has-submenu" href="45c6789c-9a07-61ab-5be3-1ffb3e4ef0b4.htm"><span data-tocFile="../toc/IDAA.xml" class="icon toggle" onclick="ToggleExpandCollapse(this); return false;"><i class="fa fa-angle-right"> </i></span>AA.<wbr />Editor.<wbr />Editor<wbr />Helper.<wbr />Base</a><ul class="toc-menu is-hidden"> </ul></li><li><a id="47d8c7e4-5f07-2648-8be8-638da13585bf" class="has-submenu" href="47d8c7e4-5f07-2648-8be8-638da13585bf.htm"><span data-tocFile="../toc/IDBA.xml" class="icon toggle" onclick="ToggleExpandCollapse(this); return false;"><i class="fa fa-angle-right"> </i></span>AA.<wbr />Editor.<wbr />Editor<wbr />Helper.<wbr />Flow</a><ul class="toc-menu is-hidden"> </ul></li><li><a id="a0d019ef-0d84-5486-bff0-b4a80ffd1d49" class="has-submenu" href="a0d019ef-0d84-5486-bff0-b4a80ffd1d49.htm"><span data-tocFile="../toc/IDCA.xml" class="icon toggle" onclick="ToggleExpandCollapse(this); return false;"><i class="fa fa-angle-right"> </i></span>AA.<wbr />Editor.<wbr />Editor<wbr />Helper.<wbr />Startup</a><ul class="toc-menu is-hidden"> </ul></li><li><a id="d558afee-49a8-c240-ad9e-0fa1e397045d" class="has-submenu" href="d558afee-49a8-c240-ad9e-0fa1e397045d.htm"><span data-tocFile="../toc/IDDA.xml" class="icon toggle" onclick="ToggleExpandCollapse(this); return false;"><i class="fa fa-angle-right"> </i></span>AA.<wbr />Editor.<wbr />Editor<wbr />Helper.<wbr />Utility</a><ul class="toc-menu is-hidden"> </ul></li></tocItems></toc>