﻿<?xml version="1.0" encoding="utf-8"?><toc><breadcrumbs><li><a href="d75eb659-6335-53f6-af7a-81814a21ab7f.htm">Docs</a></li><li><a href="d75eb659-6335-53f6-af7a-81814a21ab7f.htm">Namespaces</a></li><li><a href="38bb2221-a18a-82c7-5c9a-3adb3f42114b.htm">AA.<wbr />Editor<wbr />Helper.<wbr />Base</a></li><li><a href="f4f71877-ac1a-b9dd-ae40-ba97e38b9e66.htm">Persistence<wbr />Save</a></li></breadcrumbs><tocItems><li><a id="c7708a2d-957f-42f7-da81-4b463cec5568" href="c7708a2d-957f-42f7-da81-4b463cec5568.htm">Constructor</a></li></tocItems></toc>