﻿<?xml version="1.0" encoding="utf-8"?><toc><breadcrumbs><li><a href="d75eb659-6335-53f6-af7a-81814a21ab7f.htm">Docs</a></li><li><a href="d75eb659-6335-53f6-af7a-81814a21ab7f.htm">Namespaces</a></li><li><a href="45c6789c-9a07-61ab-5be3-1ffb3e4ef0b4.htm">AA.<wbr />Editor.<wbr />Editor<wbr />Helper.<wbr />Base</a></li><li><a href="265c367d-1ea5-0566-a9dc-09450641036b.htm">Persistence<wbr />Save</a></li></breadcrumbs><tocItems><li><a id="56b59034-da9d-3ab6-35f7-62d5b152a5fd" href="56b59034-da9d-3ab6-35f7-62d5b152a5fd.htm">Constructor</a></li></tocItems></toc>