﻿<?xml version="1.0" encoding="utf-8"?><toc><breadcrumbs><li><a href="d75eb659-6335-53f6-af7a-81814a21ab7f.htm">Docs</a></li><li><a href="d75eb659-6335-53f6-af7a-81814a21ab7f.htm">Namespaces</a></li><li><a href="38bb2221-a18a-82c7-5c9a-3adb3f42114b.htm">AA.<wbr />Editor<wbr />Helper.<wbr />Base</a></li><li><a href="3fad8355-d15c-00eb-19f4-185837878c90.htm">Persistence<wbr />Save<wbr />Helper</a></li><li><a href="1f2b2cc5-994a-dc84-da38-3b2971ae98f0.htm">Methods</a></li></breadcrumbs><tocItems><li><a id="e1549f0a-b475-b105-36fc-b562c718d6cf" href="e1549f0a-b475-b105-36fc-b562c718d6cf.htm">Is<wbr />Basic<wbr />Type</a></li><li><a id="629455f2-cd08-a0a2-19d3-ef75791a4158" href="629455f2-cd08-a0a2-19d3-ef75791a4158.htm">Persist<wbr />Handle<wbr />Property</a></li></tocItems></toc>