﻿<?xml version="1.0" encoding="utf-8"?><toc><breadcrumbs><li><a href="d75eb659-6335-53f6-af7a-81814a21ab7f.htm">Docs</a></li><li><a href="d75eb659-6335-53f6-af7a-81814a21ab7f.htm">Namespaces</a></li><li><a href="47d8c7e4-5f07-2648-8be8-638da13585bf.htm">AA.<wbr />Editor.<wbr />Editor<wbr />Helper.<wbr />Flow</a></li><li><a href="8ef4801b-fb1f-ca11-5c5d-9e0808197baa.htm">Flow<wbr />Base<wbr />Window</a></li></breadcrumbs><tocItems><li><a id="d1184a8b-3a52-9417-f14e-9676584cefb7" href="d1184a8b-3a52-9417-f14e-9676584cefb7.htm">Constructor</a></li><li><a id="2d6163b8-98c0-68cb-f928-a0000af8901e" href="2d6163b8-98c0-68cb-f928-a0000af8901e.htm">Properties</a></li><li><a id="4fa49e7f-1852-46f4-ebcb-3075ceb9fafe" class="has-submenu" href="4fa49e7f-1852-46f4-ebcb-3075ceb9fafe.htm"><span data-tocFile="../toc/IDCABA.xml" class="icon toggle" onclick="ToggleExpandCollapse(this); return false;"><i class="fa fa-angle-right"> </i></span>Methods</a><ul class="toc-menu is-hidden"> </ul></li><li><a id="e2c2869f-617e-5a53-94f7-57f3acbb31ee" class="has-submenu" href="e2c2869f-617e-5a53-94f7-57f3acbb31ee.htm"><span data-tocFile="../toc/IDDABA.xml" class="icon toggle" onclick="ToggleExpandCollapse(this); return false;"><i class="fa fa-angle-right"> </i></span>Fields</a><ul class="toc-menu is-hidden"> </ul></li></tocItems></toc>