﻿<?xml version="1.0" encoding="utf-8"?><toc><breadcrumbs><li><a href="d75eb659-6335-53f6-af7a-81814a21ab7f.htm">Docs</a></li><li><a href="d75eb659-6335-53f6-af7a-81814a21ab7f.htm">Namespaces</a></li><li><a href="a0d019ef-0d84-5486-bff0-b4a80ffd1d49.htm">AA.<wbr />Editor.<wbr />Editor<wbr />Helper.<wbr />Startup</a></li><li><a href="8db344b3-ba7e-716a-5b1d-3a9d0009aa64.htm">Startup<wbr />Base<wbr />Window</a></li></breadcrumbs><tocItems><li><a id="464b3e0e-878a-5d9d-0543-6488763c4d9e" href="464b3e0e-878a-5d9d-0543-6488763c4d9e.htm">Constructor</a></li><li><a id="d8358475-bf27-16ea-aade-5075ef350c65" href="d8358475-bf27-16ea-aade-5075ef350c65.htm">Properties</a></li><li><a id="0c0e9926-d684-0bea-cdff-81d4e2cb5d41" class="has-submenu" href="0c0e9926-d684-0bea-cdff-81d4e2cb5d41.htm"><span data-tocFile="../toc/IDCACA.xml" class="icon toggle" onclick="ToggleExpandCollapse(this); return false;"><i class="fa fa-angle-right"> </i></span>Methods</a><ul class="toc-menu is-hidden"> </ul></li><li><a id="77b18a7e-4ff7-ba45-751d-4a88a4d94d63" class="has-submenu" href="77b18a7e-4ff7-ba45-751d-4a88a4d94d63.htm"><span data-tocFile="../toc/IDDACA.xml" class="icon toggle" onclick="ToggleExpandCollapse(this); return false;"><i class="fa fa-angle-right"> </i></span>Fields</a><ul class="toc-menu is-hidden"> </ul></li></tocItems></toc>