﻿<?xml version="1.0" encoding="utf-8"?><toc><breadcrumbs><li><a href="d75eb659-6335-53f6-af7a-81814a21ab7f.htm">Docs</a></li><li><a href="d75eb659-6335-53f6-af7a-81814a21ab7f.htm">Namespaces</a></li><li><a href="47d8c7e4-5f07-2648-8be8-638da13585bf.htm">AA.<wbr />Editor.<wbr />Editor<wbr />Helper.<wbr />Flow</a></li></breadcrumbs><tocItems><li><a id="8ef4801b-fb1f-ca11-5c5d-9e0808197baa" class="has-submenu" href="8ef4801b-fb1f-ca11-5c5d-9e0808197baa.htm"><span data-tocFile="../toc/IDABA.xml" class="icon toggle" onclick="ToggleExpandCollapse(this); return false;"><i class="fa fa-angle-right"> </i></span>Flow<wbr />Base<wbr />Window</a><ul class="toc-menu is-hidden"> </ul></li><li><a id="2100507b-40bb-2d86-6b9b-d8e7fd53d48b" class="has-submenu" href="2100507b-40bb-2d86-6b9b-d8e7fd53d48b.htm"><span data-tocFile="../toc/IDBBA.xml" class="icon toggle" onclick="ToggleExpandCollapse(this); return false;"><i class="fa fa-angle-right"> </i></span>Step<wbr />Page</a><ul class="toc-menu is-hidden"> </ul></li></tocItems></toc>