﻿<?xml version="1.0" encoding="utf-8"?><toc><breadcrumbs><li><a href="d75eb659-6335-53f6-af7a-81814a21ab7f.htm">Docs</a></li><li><a href="d75eb659-6335-53f6-af7a-81814a21ab7f.htm">Namespaces</a></li><li><a href="02d2a666-33d9-f111-fb0f-eebe3eee430b.htm">AA.<wbr />Editor<wbr />Helper.<wbr />Flow</a></li></breadcrumbs><tocItems><li><a id="54c3a899-5b74-9c56-2f5d-ea7b85b48eb4" class="has-submenu" href="54c3a899-5b74-9c56-2f5d-ea7b85b48eb4.htm"><span data-tocFile="../toc/IDABA.xml" class="icon toggle" onclick="ToggleExpandCollapse(this); return false;"><i class="fa fa-angle-right"> </i></span>Flow<wbr />Base<wbr />Window</a><ul class="toc-menu is-hidden"> </ul></li><li><a id="defa4fd4-9e70-7146-8861-22194ef59e74" class="has-submenu" href="defa4fd4-9e70-7146-8861-22194ef59e74.htm"><span data-tocFile="../toc/IDBBA.xml" class="icon toggle" onclick="ToggleExpandCollapse(this); return false;"><i class="fa fa-angle-right"> </i></span>Step<wbr />Page</a><ul class="toc-menu is-hidden"> </ul></li></tocItems></toc>