﻿<?xml version="1.0" encoding="utf-8"?><toc><breadcrumbs><li><a href="d75eb659-6335-53f6-af7a-81814a21ab7f.htm">Docs</a></li><li><a href="d75eb659-6335-53f6-af7a-81814a21ab7f.htm">Namespaces</a></li><li><a href="02d2a666-33d9-f111-fb0f-eebe3eee430b.htm">AA.<wbr />Editor<wbr />Helper.<wbr />Flow</a></li><li><a href="defa4fd4-9e70-7146-8861-22194ef59e74.htm">Step<wbr />Page</a></li><li><a href="13a7fc44-f42a-7937-7ed2-7942fa22e28c.htm">Properties</a></li></breadcrumbs><tocItems><li><a id="0db43c04-d82a-a55c-1893-f571521f277f" href="0db43c04-d82a-a55c-1893-f571521f277f.htm">Is<wbr />Valid</a></li></tocItems></toc>