﻿<?xml version="1.0" encoding="utf-8"?><toc><breadcrumbs><li><a href="d75eb659-6335-53f6-af7a-81814a21ab7f.htm">Docs</a></li><li><a href="d75eb659-6335-53f6-af7a-81814a21ab7f.htm">Namespaces</a></li><li><a href="47d8c7e4-5f07-2648-8be8-638da13585bf.htm">AA.<wbr />Editor.<wbr />Editor<wbr />Helper.<wbr />Flow</a></li><li><a href="8ef4801b-fb1f-ca11-5c5d-9e0808197baa.htm">Flow<wbr />Base<wbr />Window</a></li><li><a href="4fa49e7f-1852-46f4-ebcb-3075ceb9fafe.htm">Methods</a></li></breadcrumbs><tocItems><li><a id="664a7714-e4b7-59b7-bf32-0751b8739e20" href="664a7714-e4b7-59b7-bf32-0751b8739e20.htm">Awake</a></li><li><a id="02384c6d-18d7-32e1-498b-06416c9e8e9a" href="02384c6d-18d7-32e1-498b-06416c9e8e9a.htm">Draw<wbr />Bottom</a></li><li><a id="d3436430-25ef-183f-b48d-2b9923e7d734" href="d3436430-25ef-183f-b48d-2b9923e7d734.htm">Draw<wbr />Content</a></li><li><a id="f46b857f-70a4-b3cb-7f3a-54c5877b0882" href="f46b857f-70a4-b3cb-7f3a-54c5877b0882.htm">Draw<wbr />Head</a></li><li><a id="2194e13b-7c43-9fcc-4391-76ba59c8efe9" href="2194e13b-7c43-9fcc-4391-76ba59c8efe9.htm">Draw<wbr />Progress<wbr />Fun</a></li><li><a id="f5c09c59-ec29-8e3b-3c6b-bc18c318786d" href="f5c09c59-ec29-8e3b-3c6b-bc18c318786d.htm">Initialize</a></li><li><a id="e38b7e57-701e-3fb6-e812-572c94951312" href="e38b7e57-701e-3fb6-e812-572c94951312.htm">On<wbr />Flow<wbr />Submit</a></li><li><a id="3708d71f-31f8-0f64-c6a2-56d67451c529" href="3708d71f-31f8-0f64-c6a2-56d67451c529.htm">On<wbr />GUI</a></li></tocItems></toc>