﻿<?xml version="1.0" encoding="utf-8"?><toc><breadcrumbs><li><a href="d75eb659-6335-53f6-af7a-81814a21ab7f.htm">Docs</a></li><li><a href="d75eb659-6335-53f6-af7a-81814a21ab7f.htm">Namespaces</a></li><li><a href="221b551a-0708-909f-a93c-0ad265cb3f72.htm">AA.<wbr />Editor<wbr />Helper.<wbr />Startup</a></li><li><a href="120144c1-078b-7211-af57-00922c10f090.htm">Startup<wbr />Base<wbr />Window</a></li><li><a href="2d135bf5-96a9-5b28-68e7-61ed77e02df5.htm">Methods</a></li></breadcrumbs><tocItems><li><a id="8d207e1d-9cc9-954d-1f26-bcf64ecd989c" href="8d207e1d-9cc9-954d-1f26-bcf64ecd989c.htm">Awake</a></li><li><a id="0aace82c-1b76-c169-c4b2-3ce2b483893c" href="0aace82c-1b76-c169-c4b2-3ce2b483893c.htm">Draw<wbr />Bottom</a></li><li><a id="d15225ed-18a6-cec5-087c-53b870ea35f3" href="d15225ed-18a6-cec5-087c-53b870ea35f3.htm">Draw<wbr />Content</a></li><li><a id="e8dcdce5-0a0e-3391-053a-aeda4ced58c4" href="e8dcdce5-0a0e-3391-053a-aeda4ced58c4.htm">Draw<wbr />Head</a></li><li><a id="95463830-6f1c-53d3-730c-9ff1afa71ccb" href="95463830-6f1c-53d3-730c-9ff1afa71ccb.htm">Initialize</a></li><li><a id="255fb02a-5078-2a7f-dea8-1cd7e674bf7f" href="255fb02a-5078-2a7f-dea8-1cd7e674bf7f.htm">On<wbr />GUI</a></li></tocItems></toc>