﻿<?xml version="1.0" encoding="utf-8"?><toc><breadcrumbs><li><a href="d75eb659-6335-53f6-af7a-81814a21ab7f.htm">Docs</a></li><li><a href="d75eb659-6335-53f6-af7a-81814a21ab7f.htm">Namespaces</a></li><li><a href="47d8c7e4-5f07-2648-8be8-638da13585bf.htm">AA.<wbr />Editor.<wbr />Editor<wbr />Helper.<wbr />Flow</a></li><li><a href="2100507b-40bb-2d86-6b9b-d8e7fd53d48b.htm">Step<wbr />Page</a></li><li><a href="b743a01c-c7a4-e6a0-7a49-27cf847c53a8.htm">Methods</a></li></breadcrumbs><tocItems><li><a id="502e60d2-f329-2ec3-893e-e3146266ad0b" href="502e60d2-f329-2ec3-893e-e3146266ad0b.htm">Modify<wbr />Flow</a></li><li><a id="e2a0351c-4a60-9344-efc5-a85ae902ec63" href="e2a0351c-4a60-9344-efc5-a85ae902ec63.htm">On<wbr />Draw<wbr />Content</a></li><li><a id="d4b5f967-9e2e-6f7d-7cfe-fd1c44353339" href="d4b5f967-9e2e-6f7d-7cfe-fd1c44353339.htm">Set<wbr />Dirty</a></li></tocItems></toc>