﻿<?xml version="1.0" encoding="utf-8"?><toc><breadcrumbs><li><a href="d75eb659-6335-53f6-af7a-81814a21ab7f.htm">Docs</a></li><li><a href="d75eb659-6335-53f6-af7a-81814a21ab7f.htm">Namespaces</a></li><li><a href="221b551a-0708-909f-a93c-0ad265cb3f72.htm">AA.<wbr />Editor<wbr />Helper.<wbr />Startup</a></li><li><a href="120144c1-078b-7211-af57-00922c10f090.htm">Startup<wbr />Base<wbr />Window</a></li><li><a href="03806a54-8e1b-3380-2279-2c4a3742f2f6.htm">Fields</a></li></breadcrumbs><tocItems><li><a id="4d615ca5-cb93-f1b8-1061-78ccb53a1875" href="4d615ca5-cb93-f1b8-1061-78ccb53a1875.htm">m_<wbr />Brand<wbr />Img</a></li><li><a id="bf652624-a132-0ec2-fb14-9c197aec3ef8" href="bf652624-a132-0ec2-fb14-9c197aec3ef8.htm">m_<wbr />Center<wbr />Skin</a></li><li><a id="5bb3ee2d-e646-4ce7-791d-742122fcd72e" href="5bb3ee2d-e646-4ce7-791d-742122fcd72e.htm">m_<wbr />Head<wbr />Img</a></li></tocItems></toc>