﻿<?xml version="1.0" encoding="utf-8"?><toc><breadcrumbs><li><a href="d75eb659-6335-53f6-af7a-81814a21ab7f.htm">Docs</a></li><li><a href="d75eb659-6335-53f6-af7a-81814a21ab7f.htm">Namespaces</a></li><li><a href="02d2a666-33d9-f111-fb0f-eebe3eee430b.htm">AA.<wbr />Editor<wbr />Helper.<wbr />Flow</a></li><li><a href="54c3a899-5b74-9c56-2f5d-ea7b85b48eb4.htm">Flow<wbr />Base<wbr />Window</a></li><li><a href="36b76af3-d9b0-c619-b894-1a640dbe8785.htm">Fields</a></li></breadcrumbs><tocItems><li><a id="74d15c49-5a67-2e26-2a0d-a0f22ef4b5ec" href="74d15c49-5a67-2e26-2a0d-a0f22ef4b5ec.htm">m_<wbr />Brand<wbr />Img</a></li><li><a id="aa9c58b1-74aa-829f-6bdf-911a51426973" href="aa9c58b1-74aa-829f-6bdf-911a51426973.htm">m_<wbr />Center<wbr />Skin</a></li><li><a id="15d2035d-6f3d-4432-29fe-b90f60d12252" href="15d2035d-6f3d-4432-29fe-b90f60d12252.htm">m_<wbr />Cur<wbr />Step<wbr />Index</a></li><li><a id="6111d1b0-c318-97f3-5d6e-b56e5ff43f65" href="6111d1b0-c318-97f3-5d6e-b56e5ff43f65.htm">m_<wbr />Head<wbr />Img</a></li><li><a id="91a90ba4-c437-1ea3-9a47-b78b3e4b9894" href="91a90ba4-c437-1ea3-9a47-b78b3e4b9894.htm">m_<wbr />Invalid<wbr />Text</a></li><li><a id="e6928ef0-83bc-28a8-357f-7429aa5be9eb" href="e6928ef0-83bc-28a8-357f-7429aa5be9eb.htm">m_<wbr />Last<wbr />Step<wbr />Text</a></li><li><a id="2eb4704d-3b38-a0bb-62fe-102a0a0059dc" href="2eb4704d-3b38-a0bb-62fe-102a0a0059dc.htm">m_<wbr />Next<wbr />Step<wbr />Text</a></li><li><a id="412a05ac-5519-79c9-2cb1-8a7ef4f1848c" href="412a05ac-5519-79c9-2cb1-8a7ef4f1848c.htm">m_<wbr />Progress<wbr />Text</a></li><li><a id="c6f28cd9-a6ef-3fdd-b955-88eca75361f3" href="c6f28cd9-a6ef-3fdd-b955-88eca75361f3.htm">m_<wbr />Step<wbr />In<wbr />Flow<wbr />List</a></li><li><a id="c10f2c53-7a8f-762c-466a-8b2a67b4418c" href="c10f2c53-7a8f-762c-466a-8b2a67b4418c.htm">m_<wbr />Steps<wbr />Out<wbr />Of<wbr />Flow<wbr />List</a></li><li><a id="073660cd-69c7-a53b-63d6-fec70afd7ea6" href="073660cd-69c7-a53b-63d6-fec70afd7ea6.htm">m_<wbr />Submit<wbr />Text</a></li></tocItems></toc>