﻿<?xml version="1.0" encoding="utf-8"?><toc><breadcrumbs><li><a href="d75eb659-6335-53f6-af7a-81814a21ab7f.htm">Docs</a></li><li><a href="d75eb659-6335-53f6-af7a-81814a21ab7f.htm">Namespaces</a></li><li><a href="d558afee-49a8-c240-ad9e-0fa1e397045d.htm">AA.<wbr />Editor.<wbr />Editor<wbr />Helper.<wbr />Utility</a></li></breadcrumbs><tocItems><li><a id="5ba93944-7101-a281-696f-e3f47366e503" class="has-submenu" href="5ba93944-7101-a281-696f-e3f47366e503.htm"><span data-tocFile="../toc/IDADA.xml" class="icon toggle" onclick="ToggleExpandCollapse(this); return false;"><i class="fa fa-angle-right"> </i></span>Utilities</a><ul class="toc-menu is-hidden"> </ul></li></tocItems></toc>