﻿<?xml version="1.0" encoding="utf-8"?><toc><breadcrumbs><li><a href="d75eb659-6335-53f6-af7a-81814a21ab7f.htm">Docs</a></li><li><a href="d75eb659-6335-53f6-af7a-81814a21ab7f.htm">Namespaces</a></li><li><a href="47d8c7e4-5f07-2648-8be8-638da13585bf.htm">AA.<wbr />Editor.<wbr />Editor<wbr />Helper.<wbr />Flow</a></li><li><a href="2100507b-40bb-2d86-6b9b-d8e7fd53d48b.htm">Step<wbr />Page</a></li><li><a href="b7c4cfe3-5da3-93da-9443-371d23c7f3ef.htm">Events</a></li></breadcrumbs><tocItems><li><a id="68fd8c59-09ce-8fd6-8d23-c9e41a34e18d" href="68fd8c59-09ce-8fd6-8d23-c9e41a34e18d.htm">On<wbr />Modify<wbr />Flow</a></li></tocItems></toc>