﻿<?xml version="1.0" encoding="utf-8"?><toc><breadcrumbs><li><a href="d75eb659-6335-53f6-af7a-81814a21ab7f.htm">Docs</a></li><li><a href="d75eb659-6335-53f6-af7a-81814a21ab7f.htm">Namespaces</a></li><li><a href="47d8c7e4-5f07-2648-8be8-638da13585bf.htm">AA.<wbr />Editor.<wbr />Editor<wbr />Helper.<wbr />Flow</a></li><li><a href="2100507b-40bb-2d86-6b9b-d8e7fd53d48b.htm">Step<wbr />Page</a></li><li><a href="f210cb7b-f75d-ce4d-5196-4e3c08f3a712.htm">Fields</a></li></breadcrumbs><tocItems><li><a id="7be25748-76c8-4316-413f-00da5e3157f6" href="7be25748-76c8-4316-413f-00da5e3157f6.htm">m_<wbr />Is<wbr />Dirty</a></li></tocItems></toc>